{"_timestamp":1.7370502178469982e+09,"adv_train_loss":0.019608207046985626,"prv_mse":0.03230103850364685,"reconstruction":{"bins":[-0.7566727995872498,-0.7107725739479065,-0.6648722887039185,-0.6189720630645752,-0.5730718374252319,-0.5271716117858887,-0.481271356344223,-0.4353711009025574,-0.3894708752632141,-0.34357064962387085,-0.2976703941822052,-0.25177013874053955,-0.2058699131011963,-0.15996968746185303,-0.11406940221786499,-0.06816917657852173,-0.022268950939178467,0.023631274700164795,0.06953150033950806,0.1154317855834961,0.16133201122283936,0.20723223686218262,0.25313252210617065,0.2990327477455139,0.3449329733848572,0.39083319902420044,0.4367334246635437,0.48263365030288696,0.5285339951515198,0.574434220790863,0.6203344464302063,0.6662346720695496,0.7121349573135376],"_type":"histogram","values":[8,0,16,24,42,72,104,130,132,212,219,248,297,250,234,280,5164,1274,607,788,655,404,264,138,114,79,47,24,25,11,5,5]},"_wandb":{"runtime":4},"pub_mse":0.03193126991391182,"final_loss_scalar":-0.039847806096076965,"pub_recon_loss":0.035364847630262375,"adversary":{"_type":"histogram","values":[3,6,10,9,20,33,53,83,119,147,190,133,111,116,79,60,49,47,37,28,33,16,32,18,8,15,9,3,8,4,1,4],"bins":[0.12878262996673584,0.13723526895046234,0.14568790793418884,0.15414056181907654,0.16259320080280304,0.17104583978652954,0.17949849367141724,0.18795113265514374,0.19640377163887024,0.20485641062259674,0.21330904960632324,0.22176170349121094,0.23021434247493744,0.23866698145866394,0.24711963534355164,0.25557225942611694,0.26402491331100464,0.27247756719589233,0.28093019127845764,0.28938284516334534,0.29783546924591064,0.30628812313079834,0.31474077701568604,0.32319343090057373,0.33164605498313904,0.34009867906570435,0.34855133295059204,0.35700398683547974,0.36545664072036743,0.37390926480293274,0.38236191868782043,0.39081454277038574,0.39926719665527344]},"_runtime":3.955874715,"_step":301}