{"_timestamp":1.7370503606643715e+09,"pub_mse":0.03193126991391182,"_step":300,"final_loss_scalar":-0.039847806096076965,"Reconstruction (Col 0)":{"values":[2,4,3,2,5,14,16,33,43,53,84,89,111,141,137,162,114,116,99,79,60,36,26,18,14,10,3,5,2,2,0,1],"bins":[-0.03493497148156166,-0.03144807741045952,-0.027961185202002525,-0.024474292993545532,-0.02098739892244339,-0.017500504851341248,-0.014013612642884254,-0.010526720434427261,-0.007039826363325119,-0.0035529322922229767,-6.603822112083435e-05,0.0034208521246910095,0.006907746195793152,0.010394640266895294,0.013881530612707138,0.01736842468380928,0.020855318754911423,0.024342212826013565,0.027829106897115707,0.03131600096821785,0.03480289503931999,0.03828978165984154,0.04177667573094368,0.04526356980204582,0.048750463873147964,0.05223735794425011,0.05572425201535225,0.05921114608645439,0.06269803643226624,0.06618492305278778,0.06967182457447052,0.07315871119499207,0.07664560526609421],"_type":"histogram"},"_runtime":3.059671594,"prv_mse":0.03230103850364685,"pub_recon_loss":0.035364847630262375,"adv_train_loss":0.019608207046985626,"_wandb":{"runtime":3}}