{"Reconstruction (Col 0)":{"bins":[-0.046655647456645966,-0.04293331503868103,-0.039210982620716095,-0.03548865020275116,-0.031766317784786224,-0.02804398722946644,-0.024321654811501503,-0.020599322393536568,-0.016876989975571632,-0.013154659420251846,-0.009432327002286911,-0.005709994584321976,-0.0019876621663570404,0.001734670251607895,0.00545700266957283,0.009179335087537766,0.0129016675055027,0.016623996198177338,0.020346328616142273,0.024068661034107208,0.027790993452072144,0.03151332587003708,0.035235658288002014,0.03895799070596695,0.042680323123931885,0.04640265554189682,0.050124987959861755,0.05384732037782669,0.057569652795791626,0.06129198521375656,0.0650143176317215,0.06873665004968643,0.07245898246765137],"_type":"histogram","values":[1,3,1,4,5,9,11,25,32,50,61,88,113,134,138,137,124,109,107,101,70,40,32,28,29,9,8,9,3,0,2,1]},"_timestamp":1.7370505511907053e+09,"final_loss_scalar":0.007625060621649027,"_runtime":3.00596233,"pub_mse":0.024720270186662674,"prv_mse":0.03102230653166771,"pub_recon_loss":0.02020391821861267,"_step":300,"adv_train_loss":0.019523626193404198,"_wandb":{"runtime":3}}