{"_runtime":16.717717549,"pub_recon_loss":0.016507588326931,"prv_mse":0.02994452603161335,"_step":2999,"_timestamp":1.7370493229412637e+09,"adv_train_loss":0.020039474591612816,"final_loss_scalar":-0.05392494052648544,"_wandb":{"runtime":17},"pub_mse":0.013070756569504738}