{"pub_recon_loss":0.06084717437624931,"_step":23,"_wandb":{"runtime":2},"pub_mse":0.07213081419467926,"prv_mse":0.03544296696782112,"adv_train_loss":0.02696148306131363,"_runtime":1.4761825100000001,"_timestamp":1.737047733848743e+09,"final_loss_scalar":-0.04398186132311821}