{"adv_train_loss":0.02696148306131363,"prv_mse":0.03544296696782112,"_runtime":1.388019528,"_wandb":{"runtime":2},"final_loss_scalar":-0.04398186132311821,"pub_recon_loss":0.06084717437624931,"pub_mse":0.07213081419467926,"_timestamp":1.737048104292278e+09,"_step":23}